Year,Month,Day,Day Name,Festival_Flag,Sum of Max Price (Rs./Quintal),Sum of Min Price (Rs./Quintal),Sum of Modal Price (Rs./Quintal),Sum of Month/Season,Sum of rainfall_delhi_azadpur.Rainfall_mm,Sum of temperature_data.Temp_C
2022,September,1,Thursday,0,2000,600,1407,9,0.19,32.42
2022,September,2,Friday,0,2800,800,1921,9,2.41,32.59
2022,September,3,Saturday,0,3200,800,2364,9,0.02,31.96
2022,September,5,Monday,0,4000,800,2727,9,0.01,31.55
2022,September,6,Tuesday,0,3600,800,2550,9,0,31.61
2022,September,7,Wednesday,0,3600,800,2550,9,0.01,31.75
2022,September,8,Thursday,0,3600,800,2550,9,0,31.54
2022,September,9,Friday,0,4000,800,2737,9,0.08,32.1
2022,September,10,Saturday,0,4000,800,2737,9,1.86,31.64
2022,September,12,Monday,0,3600,800,2595,9,1.76,30.95
2022,September,13,Tuesday,0,3600,800,2595,9,1.6,30.73
2022,September,14,Wednesday,0,4400,800,3087,9,4.81,29.77
2022,September,15,Thursday,0,4800,800,3210,9,2.86,28.19
2022,September,16,Friday,0,4800,1200,3133,9,14.26,27.86
2022,September,17,Saturday,0,4800,1200,3133,9,1.02,29.83
2022,September,19,Monday,0,4000,1000,2545,9,4.35,29.85
2022,September,20,Tuesday,0,4400,1000,2692,9,13.32,29.74
2022,September,21,Wednesday,0,4400,1000,2692,9,13.92,29
2022,September,22,Thursday,0,4400,1000,2692,9,67.56,27.74
2022,September,23,Friday,0,4400,1000,2692,9,31.64,26.77
2022,September,24,Saturday,0,4000,1000,2559,9,44.39,26.37
2022,September,26,Monday,0,4400,1000,2728,9,0.26,26.81
2022,September,27,Tuesday,0,4400,1000,2728,9,0,27.03
2022,September,28,Wednesday,0,4800,1000,2990,9,0.01,27.31
2022,September,29,Thursday,0,4000,800,2713,9,0,26.97
2022,September,30,Friday,0,4000,800,2713,9,0,26.54
2022,October,1,Saturday,0,4000,800,2713,10,0,26.9
2022,October,3,Monday,0,4800,800,3021,10,0,25.52
2022,October,4,Tuesday,0,4800,800,3021,10,0,26.04
2022,October,5,Wednesday,1,4800,800,3021,10,0.05,27.42
2022,October,6,Thursday,0,4800,800,2913,10,0.14,25.69
2022,October,7,Friday,0,4400,800,2805,10,4.83,24.84
2022,October,8,Saturday,0,4400,800,2805,10,15.86,24.17
2022,October,10,Monday,0,4600,800,2928,10,8.01,24.6
2022,October,11,Tuesday,0,4400,800,2851,10,7.49,24.84
2022,October,12,Wednesday,0,4400,800,2867,10,2.53,23.61
2022,October,13,Thursday,0,4800,800,3261,10,0,23.37
2022,October,14,Friday,0,5000,800,3471,10,0,22.9
2022,October,15,Saturday,0,5200,800,3471,10,0,23.6
2022,October,17,Monday,0,4400,800,3471,10,0,23.34
2022,October,18,Tuesday,0,5200,800,3471,10,0,23.3
2022,October,19,Wednesday,0,5600,800,3708,10,0,22.89
2022,October,20,Thursday,0,5600,800,3831,10,0,22.76
2022,October,21,Friday,0,5600,800,3831,10,0,23.52
2022,October,22,Saturday,0,5600,800,3831,10,0,22.26
2022,October,24,Monday,1,5200,800,3708,10,0,21.41
2022,October,25,Tuesday,0,5000,800,3646,10,0,21.83
2022,October,26,Wednesday,0,5000,800,3646,10,0,23.07
2022,October,27,Thursday,0,5000,800,3646,10,0,22.81
2022,October,28,Friday,0,4600,800,3395,10,0,22.69
2022,October,29,Saturday,0,4000,800,2944,10,0,22.54
2022,October,31,Monday,0,3600,800,2481,10,0,21.62
2022,November,1,Tuesday,0,3800,800,2594,11,0,22.31
2022,November,2,Wednesday,0,3800,800,2594,11,0,22.1
2022,November,3,Thursday,0,3400,800,2486,11,0,22.07
2022,November,4,Friday,0,2800,600,2126,11,0,22.65
2022,November,5,Saturday,0,2667,600,1865,11,0,21.19
2022,November,7,Monday,0,2667,600,1865,11,0,23.22
2022,November,8,Tuesday,0,2667,600,1865,11,0.01,21.76
2022,November,9,Wednesday,0,2400,600,1681,11,0.01,21.72
2022,November,10,Thursday,0,2400,520,1555,11,0.01,21.57
2022,November,11,Friday,0,2200,520,1427,11,0,19.24
2022,November,12,Saturday,0,2200,520,1427,11,0,18.99
2022,November,14,Monday,0,2200,520,1427,11,0,19.75
2022,November,15,Tuesday,1,2200,520,1427,11,0,19.41
2022,November,16,Wednesday,1,2000,400,1285,11,0,18.37
2022,November,17,Thursday,1,1800,400,1192,11,0,17.21
2022,November,18,Friday,1,1800,400,1192,11,0,17.02
2022,November,19,Saturday,1,1800,400,1192,11,0,17.15
2022,November,21,Monday,0,1800,400,1192,11,0,17.33
2022,November,22,Tuesday,0,1800,400,1192,11,0,16.81
2022,November,23,Wednesday,0,2600,400,1475,11,0,16.3
2022,November,24,Thursday,0,2600,400,1475,11,0,17.54
2022,November,25,Friday,0,2600,400,1475,11,0,18.61
2022,November,26,Saturday,0,2200,400,1469,11,0,16.96
2022,November,28,Monday,0,2400,400,1499,11,0,17.63
2022,November,29,Tuesday,0,2400,400,1499,11,0,17.89
2022,November,30,Wednesday,0,2400,400,1499,11,0,17.09
2022,December,1,Thursday,0,2400,400,1499,12,0,17.08
2022,December,2,Friday,0,2400,400,1499,12,0,17.59
2022,December,3,Saturday,0,2400,400,1499,12,0,17.37
2022,December,5,Monday,0,2600,400,1521,12,0,16.54
2022,December,6,Tuesday,0,2600,400,1521,12,0,14.74
2022,December,7,Wednesday,0,2600,400,1521,12,0,14.23
2022,December,8,Thursday,0,2800,400,1567,12,0,15.54
2022,December,9,Friday,0,2800,400,1567,12,0,17.69
2022,December,10,Saturday,0,2600,400,1475,12,0,17.49
2022,December,12,Monday,0,2600,400,1475,12,0,16.57
2022,December,13,Tuesday,0,2600,400,1475,12,0,16.12
2022,December,14,Wednesday,0,2000,400,1211,12,0,14.58
2022,December,15,Thursday,0,1800,400,1138,12,0,13.91
2022,December,16,Friday,0,1800,400,1138,12,0,15.03
2022,December,17,Saturday,0,1800,400,1138,12,0,15.88
2022,December,19,Monday,0,1400,280,865,12,0,15.13
2022,December,20,Tuesday,0,1400,280,865,12,0,14.48
2022,December,21,Wednesday,0,1400,280,865,12,0,13.81
2022,December,22,Thursday,0,1400,280,865,12,0,12.19
2022,December,23,Friday,0,1200,280,822,12,0,12.21
2022,December,24,Saturday,0,1200,280,822,12,0,11.03
2022,December,26,Monday,0,1120,160,711,12,0,10.95
2022,December,27,Tuesday,0,1120,160,711,12,0,11.42
2022,December,28,Wednesday,0,1120,160,711,12,0,12.84
2022,December,29,Thursday,0,1000,160,653,12,0,14.57
2022,December,30,Friday,0,1000,160,653,12,0.01,14.99
2022,December,31,Saturday,0,1000,160,653,12,0,12.6
2023,January,2,Monday,0,1000,160,653,1,0,12.74
2023,January,3,Tuesday,0,1000,160,653,1,0,10.34
2023,January,4,Wednesday,0,1000,160,653,1,0,8.73
2023,January,5,Thursday,0,1200,160,724,1,0,9.46
2023,January,6,Friday,0,1200,160,724,1,0,9.74
2023,January,7,Saturday,0,1200,160,724,1,0,10.34
2023,January,9,Monday,0,1200,160,724,1,0,13.52
2023,January,10,Tuesday,0,1200,160,724,1,0,13.07
2023,January,11,Wednesday,0,1400,320,942,1,0.5,14.32
2023,January,13,Friday,0,1400,320,942,1,0.08,15.57
2023,January,18,Wednesday,0,1600,320,1031,1,0,9.86
2023,January,19,Thursday,0,1600,320,1023,1,0.11,11.58
2023,January,20,Friday,0,1600,320,1023,1,0.08,12.22
2023,January,21,Saturday,0,1600,320,1023,1,0,13.8
2023,January,23,Monday,0,1600,320,1023,1,0.1,15.44
2023,January,24,Tuesday,0,1600,320,1006,1,1.28,15.66
2023,January,25,Wednesday,0,1600,320,1006,1,0.02,14.58
2023,January,27,Friday,0,1600,320,1006,1,0,10.92
2023,January,28,Saturday,0,1600,320,1006,1,0,12.93
2023,January,30,Monday,0,1600,320,1006,1,16.59,12.88
2023,January,31,Tuesday,0,1600,320,983,1,0,13.69
2023,February,2,Thursday,0,1400,320,971,2,0,14.09
2023,February,3,Friday,0,1400,320,971,2,0,15.3
2023,February,4,Saturday,0,1400,320,971,2,0,16.42
2023,February,7,Tuesday,0,1280,320,880,2,0,16.74
2023,February,8,Wednesday,0,1280,320,880,2,0,16.03
2023,February,9,Thursday,0,1200,320,840,2,0,18.47
2023,February,10,Friday,0,1200,320,840,2,0,18.96
2023,February,11,Saturday,0,1200,320,840,2,0,17.99
2023,February,13,Monday,0,1400,320,869,2,0,14.29
2023,February,14,Tuesday,0,1400,320,869,2,0,16.84
2023,February,15,Wednesday,0,1400,320,869,2,0,18.81
2023,February,16,Thursday,0,1400,320,869,2,0,19.44
2023,February,17,Friday,0,1400,320,869,2,0,21.36
2023,February,18,Saturday,0,1600,320,937,2,0,21.75
2023,February,20,Monday,0,1800,320,994,2,0,22.79
2023,February,21,Tuesday,0,1800,320,994,2,0,20.67
2023,February,22,Wednesday,0,1800,320,994,2,0,19.96
2023,February,23,Thursday,0,1800,320,994,2,0,19.75
2023,February,24,Friday,0,1800,320,994,2,0,20.31
2023,February,25,Saturday,0,1800,320,994,2,0,22.05
2023,March,1,Wednesday,0,1800,320,994,3,0.01,22.58
2023,March,2,Thursday,0,1800,320,994,3,0.01,22.77
2023,March,3,Friday,0,1800,320,994,3,0,23.54
2023,March,4,Saturday,0,1800,320,994,3,0,22.65
2023,March,6,Monday,0,1800,320,994,3,0,22.85
2023,March,7,Tuesday,0,1800,320,994,3,0,23.6
2023,March,9,Thursday,1,2400,400,1474,3,1,23.61
2023,March,10,Friday,1,2400,400,1474,3,0,23.77
2023,March,11,Saturday,1,2400,400,1474,3,0,24.17
2023,March,13,Monday,1,2200,400,1274,3,0,25.5
2023,March,14,Tuesday,0,2200,400,1274,3,0,25.44
2023,March,15,Wednesday,0,2200,400,1274,3,0,26.23
2023,March,22,Wednesday,0,2000,400,1246,3,0.23,21.95
2023,March,23,Thursday,0,2000,400,1246,3,0.14,23.68
2023,March,24,Friday,0,2000,400,1246,3,5.52,24.27
2023,March,25,Saturday,0,2000,400,1246,3,4.15,22.92
2023,March,27,Monday,0,1800,400,1189,3,0,22.11
2023,March,28,Tuesday,0,1800,400,1189,3,0,23.41
2023,March,29,Wednesday,0,1600,400,1166,3,0,25.29
2023,March,30,Thursday,0,1600,400,1166,3,7.52,25.04
2023,March,31,Friday,0,1600,400,1166,3,10.9,21.37
2023,April,1,Saturday,0,1600,400,1166,4,4.14,22.47
2023,April,3,Monday,0,1600,400,1166,4,5.19,25.8
2023,April,8,Saturday,0,1800,200,1091,4,0,24.66
2023,April,10,Monday,0,1600,200,943,4,0,26.09
2023,April,11,Tuesday,0,1400,200,840,4,0,27.77
2023,April,12,Wednesday,0,1800,200,1091,4,0,29.52
2023,April,13,Thursday,0,1800,200,1091,4,0,28.99
2023,April,14,Friday,0,2000,200,1234,4,0,30.23
2023,April,15,Saturday,1,2000,200,1234,4,0,31.59
2023,April,17,Monday,1,2000,200,1234,4,0,32.22
2023,April,18,Tuesday,1,2000,200,1234,4,0,31.97
2023,April,19,Wednesday,1,2000,200,1234,4,0,30.64
2023,April,20,Thursday,0,1800,160,1103,4,1.12,29.84
2023,April,21,Friday,0,1800,200,1011,4,0.04,28.41
2023,April,22,Saturday,1,1800,200,943,4,0.38,27.92
2023,April,24,Monday,0,1600,160,869,4,0.09,27.08
2023,April,25,Tuesday,0,1600,140,834,4,0,27.66
2023,April,26,Wednesday,0,1600,140,834,4,0,29.82
2023,April,27,Thursday,0,1600,140,834,4,0.2,29.84
2023,May,1,Monday,0,1400,140,703,5,7.81,24
2023,May,2,Tuesday,0,1400,140,703,5,3.98,22.86
2023,May,3,Wednesday,0,1600,240,914,5,12.81,24.26
2023,May,4,Thursday,0,1600,240,914,5,0.54,26.9
2023,May,6,Saturday,0,1200,200,674,5,0.13,29.61
2023,May,8,Monday,0,1000,200,629,5,1.46,30.36
2023,May,9,Tuesday,0,1400,200,731,5,0.09,28.81
2023,May,10,Wednesday,0,1400,200,731,5,0,28.69
2023,May,11,Thursday,0,1400,200,731,5,0,30.86
2023,May,12,Friday,0,1400,200,731,5,0,32.2
2023,May,13,Saturday,0,1400,200,731,5,0,32.94
2023,May,15,Monday,0,1400,200,771,5,0.4,34.06
2023,May,16,Tuesday,0,1200,200,674,5,0.44,33.65
2023,May,17,Wednesday,0,1200,200,646,5,0.05,34.62
2023,May,18,Thursday,0,1000,120,571,5,6.81,31.91
2023,May,19,Friday,0,1000,120,571,5,0,31.68
2023,May,20,Saturday,0,1000,120,571,5,0,33.54
2023,May,22,Monday,0,1000,120,571,5,0,36.34
2023,May,23,Tuesday,0,1000,200,571,5,0.16,37.22
2023,May,24,Wednesday,0,1000,200,571,5,0.7,35.05
2023,May,25,Thursday,0,800,200,491,5,3.88,33.37
2023,May,26,Friday,0,800,200,457,5,22.15,29.29
2023,May,27,Saturday,0,800,200,457,5,2.37,29.97
2023,May,29,Monday,0,720,120,451,5,1.43,29.57
2023,May,30,Tuesday,0,720,120,451,5,6.18,29.8
2023,May,31,Wednesday,0,720,120,451,5,6.23,26.93
2023,June,1,Thursday,0,720,120,451,6,0.12,28.84
2023,June,2,Friday,0,720,120,451,6,0.01,29.41
2023,June,3,Saturday,0,1200,120,594,6,0.06,30.31
2023,June,5,Monday,0,1200,120,594,6,0.01,32.15
2023,June,6,Tuesday,0,1200,120,594,6,0.09,32.85
2023,June,7,Wednesday,0,1200,120,594,6,0.1,32.97
2023,June,8,Thursday,0,1200,120,606,6,0,33.55
2023,June,9,Friday,0,1200,120,606,6,1.21,35.05
2023,June,10,Saturday,0,1200,120,606,6,1.88,35.33
2023,June,12,Monday,0,1400,120,646,6,0,35.79
2023,June,13,Tuesday,0,1400,120,646,6,0,36.97
2023,June,14,Wednesday,0,1800,400,1104,6,0,36.38
2023,June,15,Thursday,0,2400,400,1369,6,0.08,35.06
2023,June,16,Friday,0,2400,400,1369,6,3.02,34.74
2023,June,17,Saturday,0,3200,400,1760,6,2.43,33.7
2023,June,19,Monday,0,2800,400,1778,6,2.86,32.74
2023,June,20,Tuesday,0,3600,600,1933,6,5.68,33.94
2023,June,21,Wednesday,0,4000,600,2022,6,1.76,34.24
2023,June,22,Thursday,0,4000,600,2120,6,5.69,34.46
2023,June,23,Friday,0,4000,600,2120,6,3.29,35.36
2023,June,24,Saturday,0,5200,1040,3213,6,20.59,33.77
2023,June,26,Monday,0,6400,1280,4000,6,7.87,31.54
2023,June,27,Tuesday,0,7200,1440,4753,6,3.41,31.76
2023,June,28,Wednesday,0,7000,1400,4593,6,9.12,32.14
2023,June,29,Thursday,0,7600,1520,4607,6,12.59,31.11
2023,June,30,Friday,0,8000,1600,4748,6,10.41,30.51
2023,July,1,Saturday,0,9200,1840,5110,7,0.71,31.27
2023,July,3,Monday,0,10000,2000,6381,7,0.07,34.47
2023,July,4,Tuesday,0,10000,2000,6467,7,4.97,34.45
2023,July,5,Wednesday,0,10000,2000,6210,7,11.92,32.49
2023,July,6,Thursday,0,10000,2400,6595,7,8.7,30.01
2023,July,7,Friday,0,11200,2240,8067,7,6.15,30.41
2023,July,8,Saturday,0,11200,2240,8067,7,10.57,30.11
2023,July,17,Monday,0,13200,2640,7533,7,6.85,30.57
2023,July,18,Tuesday,0,12400,1600,7133,7,9.54,29.66
2023,July,19,Wednesday,0,11200,1200,6320,7,0.48,29.51
2023,July,20,Thursday,0,12000,1200,6520,7,0.01,31.48
2023,July,21,Friday,0,12000,1200,6520,7,1.36,31.34
2023,August,10,Thursday,0,8800,800,6080,8,0.41,30.03
2023,August,16,Wednesday,0,9600,800,5747,8,2.71,30.44
2023,August,17,Thursday,0,8800,2000,5595,8,0.17,31.03
2023,August,18,Friday,0,6000,2000,4093,8,1.77,31.01
2023,August,19,Saturday,0,5333,800,3607,8,14.58,30.2
2023,August,21,Monday,0,5200,800,3686,8,0.08,31.63
2023,August,22,Tuesday,0,5200,800,3686,8,8.18,31.29
2023,August,23,Wednesday,0,4000,800,3143,8,28.25,29.39
2023,August,24,Thursday,0,4000,800,3131,8,0.03,29.27
2023,August,26,Saturday,0,3600,800,2765,8,0,29.78
2023,August,28,Monday,0,3400,800,2795,8,0.11,30.41
2023,August,29,Tuesday,0,3400,800,2795,8,0.03,30.17
2023,August,30,Wednesday,1,3400,800,2688,8,0,30.43
2023,August,31,Thursday,0,3400,800,2533,8,0,30.54
2023,September,1,Friday,0,3333,800,2123,9,0,30.85
2023,September,2,Saturday,0,3333,800,2123,9,0,30.22
2023,September,4,Monday,0,2800,800,2010,9,0,30.52
2023,September,5,Tuesday,0,2600,800,2049,9,0.35,30.62
2023,September,6,Wednesday,0,2667,800,1992,9,0.09,30.96
2023,September,7,Thursday,0,2667,800,1708,9,0.06,31.4
2023,September,8,Friday,0,2667,800,1684,9,4.25,30.03
2023,September,9,Saturday,0,2333,800,1684,9,19.3,28.22
2023,September,11,Monday,0,2000,800,1607,9,0.33,28.53
2023,September,14,Thursday,0,2000,800,1519,9,3.92,30.33
2023,September,15,Friday,0,2000,800,1487,9,3.74,29.85
2023,September,16,Saturday,0,2533,800,1353,9,9.66,27.71
2023,September,18,Monday,0,1733,800,1303,9,0.29,27.88
2023,September,19,Tuesday,1,1733,800,1303,9,0,29.34
2023,September,20,Wednesday,0,1733,800,1347,9,0.01,30.31
2023,September,21,Thursday,0,1733,800,1331,9,0.59,30.74
2023,September,22,Friday,0,1667,640,1277,9,0.49,30.41
2023,September,23,Saturday,0,1667,640,1277,9,4.26,30.18
2023,September,25,Monday,0,1667,640,1277,9,0.05,29.46
2023,September,26,Tuesday,0,1667,640,1269,9,0.02,29.14
2023,September,27,Wednesday,0,1667,600,1329,9,0,28.34
2023,September,28,Thursday,0,1600,600,1329,9,0,27.16
2023,September,29,Friday,0,1667,600,1313,9,0,27.27
2023,September,30,Saturday,0,1667,600,1313,9,0,27.62
2023,October,3,Tuesday,0,2400,600,1469,10,0,26.15
2023,October,4,Wednesday,0,2400,600,1520,10,0,26.08
2023,October,5,Thursday,0,2200,600,1564,10,0,26.96
2023,October,6,Friday,0,2400,600,1572,10,0,26.98
2023,October,7,Saturday,0,2200,600,1548,10,0,27.88
2023,October,9,Monday,0,2000,600,1410,10,0,29.46
2023,October,10,Tuesday,0,2000,600,1418,10,0,28.7
2023,October,11,Wednesday,0,2000,600,1418,10,0,26.75
2023,October,12,Thursday,0,1800,600,1351,10,0,26.49
2023,October,13,Friday,0,1680,600,1227,10,0,27.22
2023,October,14,Saturday,0,1680,600,1227,10,0,27.69
2023,October,16,Monday,0,2000,600,1369,10,6.01,24.34
2023,October,17,Tuesday,0,2000,600,1431,10,1.77,23.73
2023,October,18,Wednesday,0,2400,600,1528,10,0,23.57
2023,October,19,Thursday,0,2600,600,1488,10,0,23.21
2023,October,20,Friday,0,4800,600,2248,10,0,23.42
2023,October,21,Saturday,0,3000,600,1787,10,0,23.25
2023,October,24,Tuesday,1,3000,600,1799,10,0,23.96
2023,October,25,Wednesday,0,3000,600,1791,10,0,23.82
2023,October,26,Thursday,0,3000,600,1791,10,0,23.23
2023,October,27,Friday,0,2800,600,2016,10,0,23.88
2023,October,28,Saturday,0,2800,600,2016,10,0,24.2
2023,October,30,Monday,0,2800,600,2104,10,0,24.56
2023,October,31,Tuesday,0,2800,600,2104,10,0,24.26
2023,November,1,Wednesday,0,2800,800,2092,11,0,24.42
2023,November,2,Thursday,0,1600,800,1400,11,0,23.73
2023,November,3,Friday,0,3000,800,2152,11,0,23.91
2023,November,4,Saturday,0,4000,800,2363,11,0,23.72
2023,November,6,Monday,0,4000,800,2460,11,0,22.7
2023,November,7,Tuesday,0,4000,800,2562,11,0,22.82
2023,November,8,Wednesday,0,4000,800,2614,11,0,22.84
2023,November,9,Thursday,0,4000,800,2614,11,0.01,23.99
2023,November,10,Friday,0,4667,1200,2950,11,5.27,21.32
2023,November,11,Saturday,0,4667,1200,2937,11,0.32,19.55
2023,November,13,Monday,0,4667,1200,2853,11,0,19.63
2023,November,14,Tuesday,0,4667,1400,3253,11,0,19.2
2023,November,15,Wednesday,1,4667,1400,3240,11,0,18.48
2023,November,16,Thursday,1,4667,1400,3240,11,0,19.94
2023,November,17,Friday,1,4667,1400,3240,11,0,20.91
2023,November,18,Saturday,1,4667,1600,3341,11,0,20.13
2023,November,20,Monday,0,5333,1400,3359,11,0,19.91
2023,November,21,Tuesday,0,5333,1400,3359,11,0,18.56
2023,November,22,Wednesday,0,5333,1400,3359,11,0,17.93
2023,November,23,Thursday,0,5333,1400,3332,11,0,19.21
2023,November,24,Friday,0,4667,1400,3170,11,0,18.69
2023,November,25,Saturday,0,4667,1400,2973,11,0,18.9
2023,November,28,Tuesday,0,4400,1400,3129,11,3.68,17.93
2023,November,29,Wednesday,0,4667,1400,3188,11,0.08,18.27
2023,November,30,Thursday,0,4667,1400,3361,11,0.01,19
2023,December,1,Friday,0,5200,1400,3361,12,0.01,19.59
2023,December,2,Saturday,0,4667,1200,3217,12,0,18.55
2023,December,4,Monday,0,4667,1200,3271,12,0.32,17.68
2023,December,5,Tuesday,0,4667,1200,2987,12,0,17.11
2023,December,6,Wednesday,0,4667,1000,2873,12,0,17.73
2023,December,7,Thursday,0,4667,1000,3011,12,0,17.66
2023,December,8,Friday,0,4667,1000,3011,12,0,16.75
2023,December,9,Saturday,0,4667,1000,3011,12,0,16.44
2023,December,11,Monday,0,4667,750,2600,12,0,15.6
2023,December,12,Tuesday,0,4667,750,2600,12,0,15.13
2023,December,13,Wednesday,0,4667,600,2055,12,0,15.27
2023,December,14,Thursday,0,4667,600,2096,12,0,14.44
2023,December,15,Friday,0,4667,600,1981,12,0,16.69
2023,December,16,Saturday,0,4667,500,2008,12,0,15.81
2023,December,18,Monday,0,4667,600,1923,12,0,13.72
2023,December,19,Tuesday,0,4667,600,1923,12,0,13.24
2023,December,20,Wednesday,0,4667,600,1923,12,0,13.51
2023,December,21,Thursday,0,4667,600,1923,12,0,13.73
2023,December,22,Friday,0,4667,600,1931,12,0,15.77
2023,December,23,Saturday,0,4667,600,1913,12,0,16.01
2023,December,26,Tuesday,0,3600,600,1792,12,0,15.75
2023,December,27,Wednesday,0,3600,600,1792,12,0,15.2
2023,December,28,Thursday,0,3600,600,1754,12,0,13.82
2023,December,29,Friday,0,3600,600,1754,12,0,14.82
2023,December,30,Saturday,0,2500,600,1496,12,0,14.67
2024,January,1,Monday,0,2500,600,1567,1,0,12.03
2024,January,2,Tuesday,0,2250,600,1597,1,0,11.93
2024,January,3,Wednesday,0,2250,800,1614,1,0,12.21
2024,January,4,Thursday,0,2200,600,1624,1,0,10.52
2024,January,5,Friday,0,2200,800,1624,1,0,11.35
2024,January,6,Saturday,0,2200,800,1585,1,0,11.57
2024,January,8,Monday,0,2200,800,1516,1,0,13.98
2024,January,9,Tuesday,0,2200,800,1513,1,0.15,13.25
2024,January,10,Wednesday,0,2000,800,1411,1,0,11.26
2024,January,11,Thursday,0,2000,800,1411,1,0,10.82
2024,January,12,Friday,0,2000,800,1469,1,0,11.77
2024,January,13,Saturday,0,2000,800,1505,1,0,13.78
2024,January,15,Monday,0,2000,800,1505,1,0,11.36
2024,January,16,Tuesday,0,2000,800,1487,1,0,12.3
2024,January,17,Wednesday,0,2000,800,1487,1,0,11.92
2024,January,18,Thursday,0,2400,800,1698,1,0,12.85
2024,January,19,Friday,0,2400,800,1680,1,0,12.7
2024,January,20,Saturday,0,2400,800,1680,1,0,12.55
2024,January,22,Monday,0,2400,800,1711,1,0,12.31
2024,January,23,Tuesday,0,2400,800,1711,1,0,13.13
2024,January,24,Wednesday,0,2400,800,1711,1,0,12.49
2024,January,25,Thursday,0,3500,1000,2302,1,0,12.46
2024,January,27,Saturday,0,3500,1000,2374,1,0,15.35
2024,January,29,Monday,0,3500,1000,2365,1,0,15.12
2024,January,30,Tuesday,0,3500,1000,2285,1,0,16.25
2024,January,31,Wednesday,0,3500,1000,2285,1,3.56,16.04
2024,February,1,Thursday,0,3500,1000,2285,2,12.49,14.96
2024,February,2,Friday,0,3600,1200,2602,2,0.22,13.28
2024,February,3,Saturday,0,3600,1200,2602,2,0.51,15.34
2024,February,5,Monday,0,3600,1200,2549,2,0.02,14.55
2024,February,6,Tuesday,0,3600,1200,2615,2,0,12.32
2024,February,7,Wednesday,0,3600,1200,2571,2,0,12.45
2024,February,8,Thursday,0,3600,1200,2522,2,0,12.24
2024,February,9,Friday,0,3600,1200,2522,2,0,14.3
2024,February,10,Saturday,0,3600,1200,2522,2,0,15.69
2024,February,12,Monday,0,3600,1200,2549,2,0,16.07
2024,February,13,Tuesday,0,3200,1200,2477,2,0,17.57
2024,February,14,Wednesday,0,4000,1200,2614,2,0,15.99
2024,February,15,Thursday,0,3200,1200,2614,2,0,16.95
2024,February,16,Friday,0,3200,1200,2548,2,0,17.52
2024,February,17,Saturday,0,4000,1200,2526,2,0,18.12
2024,February,19,Monday,0,4000,1200,2536,2,0.13,20.19
2024,February,20,Tuesday,0,4000,1200,2502,2,2.51,20.38
2024,February,21,Wednesday,0,3500,1200,2345,2,0,17.02
2024,February,22,Thursday,0,3500,1200,2380,2,0,16.74
2024,February,23,Friday,0,3500,1200,2276,2,0,15.66
2024,February,24,Saturday,0,3500,1200,2322,2,0,16.94
2024,February,26,Monday,0,3500,800,2178,2,0.01,17.85
2024,February,27,Tuesday,0,3500,800,2280,2,0.05,17.01
2024,February,28,Wednesday,0,3500,800,2332,2,0,17.95
2024,February,29,Thursday,0,3500,800,2332,2,0,18.89
2024,March,1,Friday,0,3500,800,2246,3,1.35,22.14
2024,March,2,Saturday,0,3500,800,2246,3,8.05,20.28
2024,March,4,Monday,0,3500,800,2301,3,0.19,14.26
2024,March,5,Tuesday,0,3500,800,2301,3,0,13.96
2024,March,6,Wednesday,0,3500,800,2368,3,0,15.04
2024,March,7,Thursday,0,3500,800,2368,3,0,17.72
2024,March,8,Friday,0,3500,800,2277,3,0,18.64
2024,March,9,Saturday,0,3000,800,2237,3,0,18.54
2024,March,11,Monday,0,3000,800,2147,3,0,22.58
2024,March,13,Wednesday,0,3200,1200,2205,3,0,22.99
2024,March,14,Thursday,0,3200,1200,2246,3,0,22.18
2024,March,16,Saturday,0,3000,1200,2207,3,0,20.36
2024,March,18,Monday,0,3000,1200,2198,3,0,22.69
2024,March,19,Tuesday,0,3000,1080,2014,3,0,23.56
2024,March,20,Wednesday,0,3000,1080,2014,3,0,24.86
2024,March,21,Thursday,0,3000,1080,2092,3,0,23.05
2024,March,22,Friday,0,3000,1200,2144,3,0,25.46
2024,March,23,Saturday,0,3250,1200,2181,3,0,27.13
2024,March,25,Monday,1,3250,1200,2181,3,0,25.78
2024,March,26,Tuesday,1,2600,1000,1907,3,0,27.73
2024,March,27,Wednesday,1,2600,1000,1907,3,0,29.92
2024,March,28,Thursday,1,2600,1000,1888,3,0,30.75
2024,March,29,Friday,1,2600,1000,1888,3,0,30.91
2024,April,2,Tuesday,0,2600,1000,1847,4,0,26.67
2024,April,3,Wednesday,0,2600,1000,1841,4,0,28.49
2024,April,4,Thursday,0,2600,1000,1841,4,0,29.54
2024,April,5,Friday,0,2600,800,1700,4,0,28.03
2024,April,6,Saturday,0,2600,800,1565,4,0,27.32
2024,April,8,Monday,0,2400,800,1513,4,0,29.72
2024,April,9,Tuesday,0,2200,800,1638,4,0,29.18
2024,April,10,Wednesday,1,2400,800,1692,4,0,30.19
2024,April,11,Thursday,0,2400,800,1692,4,0,30.57
2024,April,12,Friday,0,2600,800,1833,4,0.1,31.98
2024,April,13,Saturday,0,2600,800,1833,4,0.07,31.55
2024,April,15,Monday,1,2600,800,1833,4,0.03,29.1
2024,April,16,Tuesday,1,2400,800,1774,4,0,29.6
2024,April,17,Wednesday,1,2400,800,1774,4,0,29.37
2024,April,18,Thursday,1,2400,800,1774,4,0.03,30.7
2024,April,19,Friday,1,2400,800,1774,4,0,31.61
2024,April,20,Saturday,0,2500,800,1812,4,0,30.3
2024,April,22,Monday,0,2500,800,1812,4,0.1,31.9
2024,April,23,Tuesday,0,3500,1000,2279,4,0,31.66
2024,April,24,Wednesday,0,3500,1000,2206,4,2.76,30.47
2024,April,25,Thursday,0,3500,1000,2227,4,0,31.87
2024,April,26,Friday,0,3500,1000,2149,4,0.17,33.34
2024,April,27,Saturday,0,3500,1000,2004,4,1.15,32.44
2024,April,29,Monday,0,3500,1000,1970,4,0,32.65
2024,April,30,Tuesday,0,3500,1000,2074,4,0,29.31
2024,May,1,Wednesday,0,3500,1000,2074,5,0,26.91
2024,May,2,Thursday,0,3500,1000,2100,5,0,28.1
2024,May,3,Friday,0,3500,1000,2093,5,0,30.9
2024,May,4,Saturday,0,3500,1000,2093,5,0,33.55
2024,May,6,Monday,0,3500,800,2073,5,0,34.55
2024,May,7,Tuesday,0,3500,800,2094,5,0,35.89
2024,May,8,Wednesday,0,3500,800,2080,5,0,34.95
2024,May,9,Thursday,0,3500,800,2090,5,0.17,33.26
2024,May,10,Friday,0,3500,800,2098,5,0,34.7
2024,May,11,Saturday,0,3500,800,2084,5,0.13,34.7
2024,May,13,Monday,0,3500,800,2084,5,0.13,34.92
2024,May,14,Tuesday,0,3500,800,2095,5,0,34.31
2024,May,15,Wednesday,0,3500,800,2095,5,0,35.34
2024,May,16,Thursday,0,3500,800,2095,5,0,37.11
2024,May,17,Friday,0,3500,800,2095,5,0,38.42
2024,May,18,Saturday,0,3500,800,2095,5,0,38.4
2024,May,20,Monday,0,3500,800,2060,5,0,39.35
2024,May,21,Tuesday,0,3500,800,2060,5,0,38.24
2024,May,22,Wednesday,0,3500,800,2060,5,0,37.82
2024,May,23,Thursday,0,3500,800,2060,5,0,37.16
2024,May,24,Friday,0,3500,800,2060,5,0,36.88
2024,May,25,Saturday,0,3500,800,2060,5,0,38.22
2024,May,27,Monday,0,3500,800,2060,5,0,39.68
2024,May,28,Tuesday,0,3500,800,2060,5,0,40.56
2024,May,29,Wednesday,0,3500,800,2060,5,0,39.84
2024,May,30,Thursday,0,3500,800,2060,5,0,39.37
2024,May,31,Friday,0,3500,800,2025,5,0,39.33
2024,June,1,Saturday,0,3500,800,2020,6,0.02,38.86
2024,June,3,Monday,0,3500,800,2036,6,0,39.44
2024,June,4,Tuesday,0,3500,800,1900,6,1.6,39.28
2024,June,5,Wednesday,0,3500,800,1972,6,0.02,38.69
2024,June,6,Thursday,0,3500,800,1961,6,0.95,37.4
2024,June,7,Friday,0,3500,800,1948,6,0.02,37.23
2024,June,8,Saturday,0,3500,800,1948,6,0.05,36.95
2024,June,10,Monday,0,3500,800,1969,6,0,37.38
2024,June,11,Tuesday,0,3500,800,1964,6,0,38.11
2024,June,12,Wednesday,0,3500,800,1964,6,0,39.17
2024,June,13,Thursday,0,3500,800,1964,6,0,39.5
2024,June,14,Friday,0,3500,480,1793,6,0.12,39.26
2024,June,15,Saturday,0,3500,480,1763,6,0.1,39.74
2024,June,18,Tuesday,0,2400,480,1481,6,0,40.88
2024,June,19,Wednesday,0,2800,480,1485,6,0.09,40.62
2024,June,20,Thursday,0,2600,480,1334,6,1.16,39.17
2024,June,21,Friday,0,2600,480,1325,6,2.21,36.52
2024,June,22,Saturday,0,2600,480,1325,6,0,36.51
2024,June,24,Monday,0,2600,480,1311,6,7.94,36.09
2024,June,25,Tuesday,0,2200,480,1270,6,0.18,36.1
2024,June,26,Wednesday,0,2333,480,1255,6,5.5,36.17
2024,June,27,Thursday,0,2333,480,1255,6,48.61,31.32
2024,June,28,Friday,0,2333,480,1255,6,7.84,30.73
2024,June,29,Saturday,0,2333,480,1312,6,8.68,32.26
2024,July,1,Monday,0,2400,600,1444,7,1.72,33.1
2024,July,2,Tuesday,0,2400,600,1412,7,1.54,33.67
2024,July,3,Wednesday,0,4800,2000,3520,7,5.75,32.46
2024,July,4,Thursday,0,4800,2000,3600,7,12.51,29.48
2024,July,5,Friday,0,4800,2000,3600,7,4.31,31.62
2024,July,6,Saturday,0,4800,2000,3664,7,10.18,30.64
2024,July,8,Monday,0,4800,2000,3664,7,1.05,31.94
2024,July,9,Tuesday,0,4800,2000,3664,7,8.3,30.39
2024,July,10,Wednesday,0,4800,2000,3664,7,8.31,32.52
2024,July,11,Thursday,0,4800,2000,3664,7,3.54,33.99
2024,July,13,Saturday,0,5600,2000,3972,7,2.51,31.91
2024,July,15,Monday,0,8000,2000,4970,7,7.15,32.4
2024,July,16,Tuesday,0,8000,2400,5030,7,2.81,32.53
2024,July,17,Wednesday,0,8000,2400,4964,7,1.16,32.65
2024,July,18,Thursday,0,8000,2400,4964,7,10.04,31.96
2024,July,19,Friday,0,8800,2400,4813,7,0.14,32.17
2024,July,20,Saturday,0,8800,2400,4995,7,1.86,32.22
2024,July,22,Monday,0,8800,2400,5097,7,5.1,32.86
2024,July,23,Tuesday,0,8000,2400,5143,7,16.1,32.35
2024,July,24,Wednesday,0,8000,2400,5058,7,11.57,31.25
2024,July,25,Thursday,0,8000,2400,5058,7,1.25,31.09
2024,July,26,Friday,0,6400,2400,4250,7,9.05,31.58
2024,July,27,Saturday,0,5600,2400,4091,7,22.99,30.96
2024,July,29,Monday,0,5600,2000,4018,7,0,32.18
2024,July,30,Tuesday,0,6000,1600,3649,7,0.7,32.74
2024,July,31,Wednesday,0,5600,1600,3596,7,16.44,32.19
2024,August,1,Thursday,0,4800,1360,3116,8,59.12,28.46
2024,August,2,Friday,0,4800,1360,3116,8,2.7,29.24
2024,August,3,Saturday,0,4400,1600,3093,8,0.09,29.25
2024,August,5,Monday,0,4400,1600,3107,8,1.04,29.21
2024,August,6,Tuesday,0,4400,1600,2978,8,1.08,29.1
2024,August,7,Wednesday,0,4000,1600,2822,8,8.95,28.19
2024,August,8,Thursday,0,4000,1600,2739,8,20.77,28.6
2024,August,9,Friday,0,4000,1600,2767,8,12.79,28.27
2024,August,10,Saturday,0,4000,1600,2767,8,3.46,29.38
2024,August,12,Monday,0,4000,1600,2767,8,28.77,28.65
2024,August,13,Tuesday,0,4000,1600,2805,8,9.06,28.35
2024,August,14,Wednesday,0,4000,1600,2863,8,5.23,28.52
2024,August,16,Friday,0,4000,1600,2909,8,8.33,28.9
2024,August,17,Saturday,0,4000,1600,2909,8,8.38,29.15
2024,August,19,Monday,1,4000,1600,2909,8,7.32,29.3
2024,August,20,Tuesday,0,4000,1600,2824,8,7.45,29.43
2024,August,21,Wednesday,0,3600,1600,2658,8,1.16,29.71
2024,August,22,Thursday,0,3400,1600,2501,8,1.13,30.16
2024,August,23,Friday,0,3400,1600,2453,8,0.57,27.97
2024,August,24,Saturday,0,3400,1600,2566,8,1.59,29.1
2024,August,26,Monday,0,3400,1600,2566,8,7.59,28.3
2024,August,27,Tuesday,0,3400,1600,2612,8,5.41,27.98
2024,August,28,Wednesday,0,3200,1600,2442,8,25.39,27.75
2024,August,29,Thursday,0,3200,1600,2428,8,9.72,27.18
2024,August,30,Friday,0,3200,1600,2457,8,4.25,28.56
2024,August,31,Saturday,0,3200,1600,2457,8,0.12,29.38
2024,September,2,Monday,0,3200,1600,2504,9,4.94,27.02
2024,September,3,Tuesday,0,3200,1600,2570,9,5.38,28.81
2024,September,4,Wednesday,0,3200,1600,2628,9,10.55,28.34
2024,September,5,Thursday,0,3400,1600,2682,9,5.68,28.35
2024,September,6,Friday,0,3400,1600,2701,9,25.52,27.49
2024,September,7,Saturday,1,3400,1600,2719,9,8.6,27.3
2024,September,9,Monday,0,3400,1600,2658,9,7.87,28.63
2024,September,10,Tuesday,0,3400,1600,2605,9,9.42,29.49
2024,September,11,Wednesday,0,3400,1600,2611,9,16.65,28.93
2024,September,12,Thursday,0,3400,1600,2611,9,34.7,27.03
2024,September,13,Friday,0,3400,1600,2611,9,26.4,27.64
2024,September,14,Saturday,0,3400,1600,2611,9,18.32,27.16
2024,September,16,Monday,0,3400,1600,2611,9,0,26.81
2024,September,17,Tuesday,0,4400,1600,3048,9,0.7,27.33
2024,September,18,Wednesday,0,4800,1600,3309,9,22.67,26.7
2024,September,19,Thursday,0,4800,1600,3545,9,1.42,26.85
2024,September,20,Friday,0,4800,1600,3571,9,0.18,27.92
2024,September,21,Saturday,0,4800,2000,3604,9,0,28.61
2024,September,23,Monday,0,4800,2400,3903,9,0,29.87
2024,September,24,Tuesday,0,5600,2400,4043,9,0.12,30.67
2024,September,25,Wednesday,0,5600,2400,4043,9,0.23,28.85
2024,September,26,Thursday,0,5714,2400,4286,9,0.69,27.7
2024,September,27,Friday,0,5714,2400,4286,9,0.25,27.09
2024,September,28,Saturday,0,5714,2400,4197,9,0.22,26.55
2024,September,30,Monday,0,5714,2400,4165,9,0,27.7
2024,October,1,Tuesday,0,6000,2400,4365,10,0,28.21
2024,October,3,Thursday,0,6000,2400,4423,10,0,27.95
2024,October,4,Friday,0,7200,3200,5194,10,0.32,27.85
2024,October,5,Saturday,0,7600,3571,5518,10,0.21,28.38
2024,October,7,Monday,0,8000,3600,6083,10,0,26.78
2024,October,8,Tuesday,0,8000,2800,5919,10,0,26.58
2024,October,9,Wednesday,0,8000,2800,5774,10,0,27.26
2024,October,10,Thursday,0,8000,2800,5774,10,0,26.53
2024,October,11,Friday,0,8000,2800,5792,10,0,25.49
2024,October,12,Saturday,1,8000,2800,5883,10,0,25.35
2024,October,14,Monday,0,8000,2800,5883,10,0,26.07
2024,October,15,Tuesday,0,8000,2800,5883,10,0,26.2
2024,October,16,Wednesday,0,7200,2800,5556,10,0,26.2
2024,October,17,Thursday,0,6800,2800,5177,10,0,26.4
2024,October,18,Friday,0,6800,2800,5224,10,0,26.25
2024,October,19,Saturday,0,6800,2800,5224,10,0,26.24
2024,October,21,Monday,0,6800,2800,5224,10,0.26,25.43
2024,October,22,Tuesday,0,6400,2800,4958,10,0.02,25.51
2024,October,23,Wednesday,0,6429,2800,4958,10,0,25.56
2024,October,24,Thursday,0,6429,2800,4904,10,0,24.91
2024,October,25,Friday,0,6000,2400,4564,10,0,25.85
2024,October,26,Saturday,0,5714,2200,4436,10,0,25.3
2024,October,28,Monday,0,5714,2000,4273,10,0,24.99
2024,October,29,Tuesday,0,5714,2000,4157,10,0,26.42
2024,October,30,Wednesday,0,5714,2000,4157,10,0,28
2024,November,1,Friday,1,5714,1200,3539,11,0,24.59
2024,November,2,Saturday,0,5714,1200,3503,11,0,24.81
2024,November,4,Monday,0,5714,1200,3575,11,0,23.37
2024,November,5,Tuesday,0,4800,1200,3422,11,0,22.84
2024,November,6,Wednesday,0,4800,1200,3411,11,0,23.35
2024,November,7,Thursday,0,4800,1200,3411,11,0,23.43
2024,November,8,Friday,0,4800,1200,3244,11,0,23.65
2024,November,9,Saturday,0,4800,1200,3244,11,0,23.89
2024,November,11,Monday,0,4000,1200,2933,11,0,24.62
2024,November,13,Wednesday,0,4000,1200,2969,11,0,22.15
2024,November,18,Monday,1,4000,1200,2978,11,0,19.34
2024,November,19,Tuesday,1,4000,1200,3044,11,0,18.77
2024,November,20,Wednesday,0,4000,1200,3089,11,0,19.11
2024,November,21,Thursday,0,4000,1200,3022,11,0,19.57
2024,November,22,Friday,0,4000,1200,3080,11,0,18.96
2024,November,23,Saturday,0,4000,1200,3080,11,0,19.01
2024,November,25,Monday,0,4000,1200,3058,11,0,18.25
2024,November,26,Tuesday,0,4000,1200,3124,11,0,18.15
2024,November,27,Wednesday,0,4000,1200,3124,11,0,18.93
2024,November,28,Thursday,0,4400,1800,3276,11,0,19.28
2024,November,29,Friday,0,4400,1600,3305,11,0,18.67
2024,November,30,Saturday,0,4400,1600,3295,11,0,17.94
2024,December,2,Monday,0,4400,1600,3302,12,0,19.54
2024,December,3,Tuesday,0,4000,1600,3178,12,0,19.73
2024,December,4,Wednesday,0,4400,1600,3196,12,0,18.39
2024,December,5,Thursday,0,4400,1600,3196,12,0,16.55
2024,December,6,Friday,0,4000,1600,3196,12,0,16.78
2024,December,7,Saturday,0,4000,1600,3138,12,0,15.74
2024,December,9,Monday,0,3800,1600,3084,12,0.05,12.76
2024,December,10,Tuesday,0,3800,1600,3084,12,0,12.52
2024,December,11,Wednesday,0,3200,1200,2460,12,0,12.71
2024,December,12,Thursday,0,3200,1200,2460,12,0,12.09
2024,December,13,Friday,0,3200,1200,2438,12,0,12
2024,December,14,Saturday,0,3200,1200,2438,12,0,12.22
2024,December,16,Monday,0,3200,1200,2422,12,0,14.59
2024,December,17,Tuesday,0,3200,1200,2422,12,0,14.91
2024,December,18,Wednesday,0,3200,1200,2422,12,0,13.93
2024,December,19,Thursday,0,3200,1200,2467,12,0,13.09
2024,December,20,Friday,0,3200,1200,2460,12,0,13.71
2024,December,21,Saturday,0,3200,1200,2460,12,0,13.57
2024,December,23,Monday,0,3200,1200,2458,12,0.53,12.52
2024,December,24,Tuesday,0,3400,1200,2480,12,0.87,15.52
2024,December,25,Wednesday,0,3200,1200,2391,12,0.01,14.73
2024,December,26,Thursday,0,3000,1200,2009,12,0.35,15.55
2024,December,27,Friday,0,3000,1200,2289,12,28.02,16.37
2024,December,28,Saturday,0,2600,800,1800,12,1.35,15.5
2024,December,30,Monday,0,2600,800,1733,12,0,11.84
2024,December,31,Tuesday,0,2400,800,1667,12,0,11.92
2025,January,3,Friday,0,1600,400,956,1,0,15.11
2025,January,4,Saturday,0,1400,400,956,1,0,15.8
2025,January,6,Monday,0,1600,400,956,1,0.2,14.08
2025,January,7,Tuesday,0,1400,400,938,1,0.08,11.94
2025,January,8,Wednesday,0,1400,400,933,1,0,11.89
2025,January,9,Thursday,0,1400,400,933,1,0,14.16
2025,January,10,Friday,0,1400,400,933,1,0,12.7
2025,January,11,Saturday,0,1400,400,933,1,3.33,11.41
2025,January,13,Monday,0,1400,400,933,1,0,12.57
2025,January,14,Tuesday,0,1400,400,978,1,0,12.99
2025,January,15,Wednesday,0,1400,400,978,1,0.15,13.63
2025,January,16,Thursday,0,1400,400,996,1,2.98,13.02
2025,January,17,Friday,0,1400,400,973,1,0.01,11.86
2025,January,18,Saturday,0,1400,400,960,1,0,12.87
2025,January,20,Monday,0,1280,400,960,1,0,15.03
2025,January,21,Tuesday,0,1280,400,907,1,0,14.99
2025,January,22,Wednesday,0,1280,400,902,1,0.08,16.08
2025,January,23,Thursday,0,1280,400,902,1,0.08,16.34
2025,January,24,Friday,0,1280,400,893,1,0,13.85
2025,January,25,Saturday,0,1200,400,862,1,0,13.33
2025,January,27,Monday,0,1200,400,862,1,0,13.17
2025,January,28,Tuesday,0,1200,400,862,1,0,14.66
2025,January,29,Wednesday,0,1200,400,853,1,0,14.83
2025,January,30,Thursday,0,1200,400,862,1,0,15.4
2025,January,31,Friday,0,1200,400,836,1,0,17.02
2025,February,1,Saturday,0,1200,400,836,2,0,16.72
2025,February,3,Monday,0,1400,400,911,2,0,16.55
2025,February,4,Tuesday,0,1400,400,911,2,0.13,17.35
2025,February,6,Thursday,0,1400,400,911,2,0,13.67
2025,February,7,Friday,0,1400,400,893,2,0,13.92
2025,February,8,Saturday,0,1400,400,893,2,0,15.82
2025,February,10,Monday,0,1400,400,893,2,0,19.23
2025,February,11,Tuesday,0,1400,400,887,2,0,19.03
2025,February,12,Wednesday,0,1400,400,887,2,0,17.72
2025,February,13,Thursday,0,1400,400,864,2,0,16.65
2025,February,14,Friday,0,1400,400,878,2,0,17.58
2025,February,15,Saturday,0,1400,400,871,2,0,19.37
2025,February,17,Monday,0,1400,400,871,2,0,20.65
2025,February,18,Tuesday,0,1400,400,871,2,0,20.76
2025,February,19,Wednesday,0,1400,400,871,2,0.79,20.91
2025,February,20,Thursday,0,1400,400,871,2,0.58,20.8
2025,February,21,Friday,0,1400,400,871,2,0,19.36
2025,February,22,Saturday,0,1400,400,871,2,0,17.64
2025,February,24,Monday,0,1400,400,853,2,0,19.54
2025,February,26,Wednesday,0,1400,400,853,2,0.03,21.88
2025,February,27,Thursday,0,1400,400,853,2,0.27,21.04
2025,February,28,Friday,0,1400,400,853,2,6.15,19.4
2025,March,1,Saturday,0,1400,400,853,3,0.26,20.72
2025,March,3,Monday,0,1400,400,853,3,0,21.28
2025,March,4,Tuesday,0,1400,400,853,3,0,19.89
2025,March,5,Wednesday,0,1400,400,853,3,0,17.09
2025,March,6,Thursday,0,1400,400,853,3,0,18.65
2025,March,7,Friday,0,1400,400,836,3,0,20.7
2025,March,8,Saturday,0,1400,400,836,3,0,21.82
2025,March,10,Monday,0,1400,400,836,3,0,23.81
2025,March,11,Tuesday,0,1200,400,787,3,0,24.9
2025,March,12,Wednesday,0,1200,400,787,3,0,25.5
2025,March,13,Thursday,0,1200,400,747,3,0.1,27.62
2025,March,15,Saturday,1,1200,400,747,3,0,25.7
2025,March,17,Monday,1,1200,400,747,3,0,22.92
2025,March,18,Tuesday,1,1400,400,796,3,0,22.97
2025,March,19,Wednesday,1,1200,400,836,3,0,24.86
2025,March,20,Thursday,0,1200,400,836,3,0,24.8
2025,March,21,Friday,0,1200,400,836,3,0,24.65
2025,March,22,Saturday,0,1200,400,836,3,0,24.85
2025,March,24,Monday,0,1000,400,720,3,0,26.15
2025,March,25,Tuesday,0,1200,400,720,3,0,27.37
2025,March,26,Wednesday,0,1200,400,733,3,0,29.9
2025,March,27,Thursday,0,1200,400,733,3,0,28.97
2025,March,28,Friday,0,1200,400,733,3,0,25.01
2025,March,29,Saturday,0,1200,400,751,3,0,21.44
2025,April,1,Tuesday,0,1200,400,751,4,0,25.88
2025,April,2,Wednesday,0,1200,400,711,4,0,28.08
2025,April,3,Thursday,0,1200,400,693,4,0,28.88
2025,April,4,Friday,0,1200,400,693,4,0,29.14
2025,April,5,Saturday,0,1600,400,1049,4,0,28.3
2025,April,7,Monday,0,1600,400,996,4,0,31.79
2025,April,8,Tuesday,0,1200,400,898,4,0,31.92
2025,April,9,Wednesday,0,1200,400,898,4,0,32.5
2025,April,10,Thursday,0,1200,400,898,4,0,33.26
2025,April,11,Friday,0,1200,400,898,4,2.99,31.3
2025,April,12,Saturday,0,1200,400,898,4,0.21,29.69
2025,April,14,Monday,0,1200,400,898,4,0,30.8
2025,April,15,Tuesday,1,1200,400,898,4,0,31.22
2025,April,19,Saturday,1,1200,320,671,4,0.44,33.22
2025,April,21,Monday,0,1000,320,653,4,0,32.48
2025,April,22,Tuesday,0,1000,320,653,4,0,31.32
2025,April,23,Wednesday,0,1000,320,644,4,0,31.5
2025,April,24,Thursday,0,1000,320,644,4,0,33.4
2025,April,25,Friday,0,1000,320,644,4,0,33.57
2025,April,26,Saturday,0,1000,320,644,4,0,33.48
2025,April,28,Monday,0,1200,320,747,4,0,33.09
2025,April,29,Tuesday,0,1400,400,898,4,0,31.38
2025,April,30,Wednesday,0,1400,400,898,4,0,31.93
2025,May,1,Thursday,0,1200,400,822,5,0.04,32.36
2025,May,2,Friday,0,1200,400,822,5,26.88,28.57
2025,May,3,Saturday,0,1200,400,787,5,5.5,28.93
2025,May,5,Monday,0,1200,400,787,5,1.46,29.54
2025,May,6,Tuesday,0,1200,400,787,5,0.37,28.57
2025,May,7,Wednesday,0,1000,400,773,5,1.12,30.46
2025,May,8,Thursday,0,1000,400,773,5,0.15,30.08
2025,May,9,Friday,0,1000,400,773,5,1.05,30.93
2025,May,10,Saturday,0,1000,400,773,5,2.8,31.56
2025,May,12,Monday,0,1000,400,773,5,0.05,33.98
2025,May,13,Tuesday,0,1000,400,773,5,2.38,33.72
2025,May,14,Wednesday,0,1000,400,773,5,0.57,33.97
2025,May,15,Thursday,0,1200,400,853,5,0,35.15
2025,May,16,Friday,0,1200,400,849,5,0.06,36.62
2025,May,17,Saturday,0,1200,400,849,5,0.24,35.98
2025,May,19,Monday,0,1200,400,849,5,0,35.87
2025,May,20,Tuesday,0,1200,400,813,5,0,36.92
2025,May,21,Wednesday,0,1200,400,813,5,0,37.09
2025,May,22,Thursday,0,1200,400,813,5,12.84,31.88
2025,May,23,Friday,0,1200,400,813,5,0,33
2025,May,24,Saturday,0,1200,400,752,5,0.35,33.98
2025,May,26,Monday,0,1600,600,984,5,0,31.76
2025,May,28,Wednesday,0,1600,400,832,5,0.06,33.91
2025,May,29,Thursday,0,1600,400,832,5,0,34.76
2025,May,30,Friday,0,1200,320,720,5,0.21,33.97
2025,May,31,Saturday,0,1200,320,720,5,0.11,34.41
2025,June,2,Monday,0,1200,320,784,6,0.11,32.13
2025,June,4,Wednesday,0,1600,320,920,6,0.12,31.16
2025,June,5,Thursday,0,1400,320,856,6,0.13,32.15
2025,June,6,Friday,0,1400,320,856,6,0.04,33.52
2025,June,7,Saturday,0,1400,320,856,6,0,35.02
2025,June,9,Monday,0,1400,320,856,6,0,37.38
2025,June,13,Friday,0,4000,600,2309,6,0.12,38.19
2025,June,14,Saturday,0,4000,600,2309,6,5.99,36.75
2025,June,16,Monday,0,4000,600,2309,6,3.37,33.56
2025,June,17,Tuesday,0,3600,600,2036,6,9.31,31.51
2025,June,18,Wednesday,0,2800,600,1908,6,17.84,30.21
2025,June,19,Thursday,0,2800,600,1908,6,0.42,31.98
2025,June,20,Friday,0,2800,600,1969,6,0.59,33.01
2025,June,21,Saturday,0,2800,600,1649,6,0.08,34.01
2025,June,23,Monday,0,2800,600,1649,6,1.57,34.5
2025,June,24,Tuesday,0,2800,400,1612,6,1.57,33.77
2025,June,25,Wednesday,0,2400,400,1612,6,1.51,33.78
2025,June,26,Thursday,0,3000,400,1652,6,0.64,34.15
2025,June,27,Friday,0,3000,400,1652,6,1.51,34.27
2025,June,28,Saturday,0,3200,600,1583,6,2.68,34.2
2025,June,30,Monday,0,3200,600,1583,6,35.57,29.18
2025,July,1,Tuesday,0,3200,600,1709,7,5.18,29.91
2025,July,2,Wednesday,0,3600,600,2067,7,2.65,32.03
2025,July,3,Thursday,0,3600,600,2067,7,0.24,32.38
2025,July,4,Friday,0,3600,600,2121,7,9.88,32.22
2025,July,5,Saturday,0,3600,600,2121,7,1.98,32.65
2025,July,7,Monday,0,3600,600,2121,7,4.6,31.56
2025,July,8,Tuesday,0,3600,600,2232,7,6.45,32.41
2025,July,9,Wednesday,0,3600,600,2232,7,18.05,31.22
2025,July,10,Thursday,0,3600,600,2232,7,19.09,28.22
2025,July,11,Friday,0,3600,600,2232,7,6.65,30
2025,July,14,Monday,0,3600,600,2085,7,12.38,28.61
2025,July,15,Tuesday,0,2400,1600,2000,7,4.92,29.34
2025,July,16,Wednesday,0,2400,1600,2000,7,6.7,28.67
2025,July,17,Thursday,0,3600,800,1958,7,6.43,28.41
2025,July,18,Friday,0,3600,800,1958,7,3.66,28.85
2025,July,19,Saturday,0,4000,800,2109,7,1.34,29.34
2025,July,21,Monday,0,4000,800,2255,7,0.07,29.78
2025,July,22,Tuesday,0,4000,800,2255,7,3.23,29.82
2025,July,23,Wednesday,0,4000,800,2255,7,26.19,29.85
2025,July,24,Thursday,0,4400,800,2400,7,4.36,30.89
2025,July,25,Friday,0,4800,1200,2713,7,1.56,31.85
2025,July,26,Saturday,0,4800,1200,2882,7,0.37,31.8
2025,July,28,Monday,0,4800,1200,2897,7,6.69,29.8
2025,July,29,Tuesday,0,4800,1200,2913,7,16.2,28.92
2025,July,30,Wednesday,0,4800,1200,3067,7,15.23,29.04
2025,July,31,Thursday,0,4800,1200,3185,7,28.22,28.68
2025,August,1,Friday,0,4800,1200,3185,8,8.22,27.49
2025,August,2,Saturday,0,4800,1200,3185,8,5.43,28.02
2025,August,4,Monday,0,4800,1200,3185,8,5.15,28.98
2025,August,6,Wednesday,0,4800,1200,3154,8,4.64,29.34
2025,August,7,Thursday,0,4800,1200,3154,8,1.95,29.71
2025,August,8,Friday,0,5200,1200,3205,8,2.03,30.43
2025,August,9,Saturday,1,5200,1200,3205,8,3.11,28.35
2025,August,11,Monday,0,5200,1200,3236,8,8.55,26.8
2025,August,12,Tuesday,0,5200,1200,3236,8,1.03,28.95
2025,August,13,Wednesday,0,5200,1200,3236,8,1.51,29.78
2025,August,14,Thursday,0,5200,1200,3190,8,10.34,27.39
2025,August,16,Saturday,0,5200,1200,3190,8,1.05,29.24
2025,August,18,Monday,0,5200,1200,3271,8,2.71,29.45
2025,August,19,Tuesday,0,5200,1200,3271,8,5.46,29.33
2025,August,20,Wednesday,0,5200,1200,3271,8,4.71,28.94
2025,August,21,Thursday,0,5200,1200,3271,8,6.85,28.93
2025,August,22,Friday,0,5600,1200,3271,8,4.78,29.47
2025,August,23,Saturday,0,4800,1200,3098,8,6.34,29.13
2025,August,25,Monday,0,4667,1200,3098,8,19.33,26.61
2025,August,26,Tuesday,0,4800,1200,3098,8,16.04,27.91
2025,August,27,Wednesday,1,4000,1200,2631,8,5.95,28.7
2025,August,28,Thursday,0,4000,1200,2631,8,6.49,28.75
2025,August,29,Friday,0,4000,1200,2631,8,4.92,27.8
2025,August,30,Saturday,0,3600,800,2578,8,3.84,28.19
2025,September,1,Monday,0,3600,800,2578,9,65.36,25.88
